Date,Flow
1/1/2005,11.145
2/1/2005,11.145
3/1/2005,11.145
4/1/2005,10.947
5/1/2005,10.848
6/1/2005,10.848
7/1/2005,10.848
8/1/2005,10.848
9/1/2005,10.848
10/1/2005,10.848
11/1/2005,10.848
12/1/2005,10.848
13/1/2005,10.848
14/1/2005,10.848
15/1/2005,10.539
16/1/2005,10.539
17/1/2005,10.539
18/1/2005,10.539
19/1/2005,10.539
20/1/2005,10.539
21/1/2005,10.539
22/1/2005,10.539
23/1/2005,11.145
24/1/2005,10.848
25/1/2005,10.848
26/1/2005,10.848
27/1/2005,10.848
28/1/2005,10.848
29/1/2005,10.848
30/1/2005,10.539
31/1/2005,10.539
1/2/2005,10.539
2/2/2005,10.539
3/2/2005,10.539
4/2/2005,10.539
5/2/2005,10.539
6/2/2005,10.539
7/2/2005,10.539
8/2/2005,10.539
9/2/2005,10.539
10/2/2005,10.539
11/2/2005,10.539
12/2/2005,10.539
13/2/2005,10.539
14/2/2005,10.539
15/2/2005,10.539
16/2/2005,10.539
17/2/2005,10.539
18/2/2005,10.539
19/2/2005,10.539
20/2/2005,10.539
21/2/2005,10.539
22/2/2005,10.539
23/2/2005,10.539
24/2/2005,10.539
25/2/2005,10.539
26/2/2005,10.539
27/2/2005,10.539
28/2/2005,10.539
1/3/2005,10.539
2/3/2005,10.539
3/3/2005,10.638
4/3/2005,10.947
5/3/2005,10.947
6/3/2005,10.947
7/3/2005,10.947
8/3/2005,11.145
9/3/2005,11.145
10/3/2005,10.638
11/3/2005,11.244
12/3/2005,10.947
13/3/2005,10.947
14/3/2005,10.329
15/3/2005,10.440
16/3/2005,10.329
17/3/2005,10.947
18/3/2005,10.947
19/3/2005,10.737
20/3/2005,10.539
21/3/2005,10.737
22/3/2005,10.638
23/3/2005,10.848
24/3/2005,11.145
25/3/2005,14.226
26/3/2005,15.463
27/3/2005,15.834
28/3/2005,15.215
29/3/2005,15.586
30/3/2005,15.463
31/3/2005,15.710
1/4/2005,15.586
2/4/2005,14.720
3/4/2005,14.844
4/4/2005,15.339
5/4/2005,14.968
6/4/2005,14.968
7/4/2005,15.957
8/4/2005,15.339
9/4/2005,15.339
10/4/2005,15.710
11/4/2005,15.215
12/4/2005,11.764
13/4/2005,11.764
14/4/2005,11.962
15/4/2005,14.473
16/4/2005,16.081
17/4/2005,16.576
18/4/2005,16.328
19/4/2005,16.081
20/4/2005,16.700
21/4/2005,16.081
22/4/2005,16.081
23/4/2005,16.081
24/4/2005,16.081
25/4/2005,17.071
26/4/2005,16.823
27/4/2005,16.328
28/4/2005,16.081
29/4/2005,15.957
30/4/2005,16.823
1/5/2005,12.865
2/5/2005,13.063
3/5/2005,13.656
4/5/2005,14.052
5/5/2005,13.755
6/5/2005,13.558
7/5/2005,13.459
8/5/2005,13.558
9/5/2005,13.162
10/5/2005,17.912
11/5/2005,28.995
12/5/2005,14.448
13/5/2005,13.459
14/5/2005,13.063
15/5/2005,12.964
16/5/2005,12.865
17/5/2005,12.865
18/5/2005,12.865
19/5/2005,13.558
20/5/2005,13.162
21/5/2005,13.162
22/5/2005,13.063
23/5/2005,12.073
24/5/2005,43.740
25/5/2005,30.480
26/5/2005,18.011
27/5/2005,17.912
28/5/2005,18.802
29/5/2005,17.219
30/5/2005,16.229
31/5/2005,15.735
1/6/2005,15.401
2/6/2005,16.885
3/6/2005,12.339
4/6/2005,13.731
5/6/2005,17.442
6/6/2005,13.174
7/6/2005,13.267
8/6/2005,13.823
9/6/2005,19.854
10/6/2005,15.215
11/6/2005,32.007
12/6/2005,20.132
13/6/2005,23.287
14/6/2005,23.565
15/6/2005,24.956
16/6/2005,43.048
17/6/2005,83.405
18/6/2005,59.190
19/6/2005,47.408
20/6/2005,57.057
21/6/2005,49.356
22/6/2005,63.644
23/6/2005,50.748
24/6/2005,52.975
25/6/2005,52.603
26/6/2005,59.933
27/6/2005,47.222
28/6/2005,39.429
29/6/2005,68.932
30/6/2005,75.797
1/7/2005,56.222
2/7/2005,54.737
3/7/2005,80.993
4/7/2005,69.952
5/7/2005,70.602
6/7/2005,105.114
7/7/2005,82.848
8/7/2005,119.401
9/7/2005,86.188
10/7/2005,106.042
11/7/2005,84.704
12/7/2005,78.673
13/7/2005,107.062
14/7/2005,89.435
15/7/2005,82.477
16/7/2005,85.910
17/7/2005,94.167
18/7/2005,134.709
19/7/2005,106.506
20/7/2005,109.011
21/7/2005,101.681
22/7/2005,105.114
23/7/2005,105.578
24/7/2005,89.806
25/7/2005,81.178
26/7/2005,109.103
27/7/2005,98.249
28/7/2005,112.536
29/7/2005,118.752
30/7/2005,78.024
31/7/2005,66.612
1/8/2005,63.829
2/8/2005,79.137
3/8/2005,86.095
4/8/2005,97.970
5/8/2005,69.860
6/8/2005,77.189
7/8/2005,216.815
8/8/2005,115.969
9/8/2005,77.096
10/8/2005,87.116
11/8/2005,96.300
12/8/2005,107.897
13/8/2005,83.498
14/8/2005,163.006
15/8/2005,203.456
16/8/2005,141.946
17/8/2005,130.163
18/8/2005,137.956
19/8/2005,152.429
20/8/2005,175.623
21/8/2005,117.360
22/8/2005,114.763
23/8/2005,105.114
24/8/2005,124.968
25/8/2005,110.681
26/8/2005,169.500
27/8/2005,128.679
28/8/2005,107.062
29/8/2005,97.507
30/8/2005,82.384
31/8/2005,76.910
1/9/2005,82.663
2/9/2005,81.085
3/9/2005,70.138
4/9/2005,72.643
5/9/2005,81.920
6/9/2005,121.72
7/9/2005,85.353
8/9/2005,65.592
9/9/2005,65.592
10/9/2005,68.932
11/9/2005,57.613
12/9/2005,51.954
13/9/2005,44.810
14/9/2005,42.862
15/9/2005,38.687
16/9/2005,39.800
17/9/2005,40.450
18/9/2005,41.099
19/9/2005,35.626
20/9/2005,36.832
21/9/2005,51.212
22/9/2005,43.883
23/9/2005,42.584
24/9/2005,54.737
25/9/2005,74.127
26/9/2005,72.272
27/9/2005,63.273
28/9/2005,52.140
29/9/2005,44.439
30/9/2005,45.738
1/10/2005,44.810
2/10/2005,51.212
3/10/2005,44.810
4/10/2005,42.769
5/10/2005,40.264
6/10/2005,41.099
7/10/2005,41.563
8/10/2005,41.099
9/10/2005,40.264
10/10/2005,30.523
11/10/2005,30.709
12/10/2005,26.812
13/10/2005,25.699
14/10/2005,24.307
15/10/2005,22.359
16/10/2005,22.080
17/10/2005,20.039
18/10/2005,19.112
19/10/2005,18.648
20/10/2005,18.648
21/10/2005,18.462
22/10/2005,18.741
23/10/2005,18.277
24/10/2005,17.720
25/10/2005,17.720
26/10/2005,17.349
27/10/2005,20.967
28/10/2005,17.906
29/10/2005,16.700
30/10/2005,16.050
31/10/2005,15.493
1/11/2005,16.526
2/11/2005,16.130
3/11/2005,15.834
4/11/2005,15.537
5/11/2005,15.537
6/11/2005,15.735
7/11/2005,15.537
8/11/2005,14.646
9/11/2005,15.339
10/11/2005,15.339
11/11/2005,15.141
12/11/2005,15.042
13/11/2005,15.042
14/11/2005,14.547
15/11/2005,14.448
16/11/2005,14.448
17/11/2005,14.448
18/11/2005,14.448
19/11/2005,14.052
20/11/2005,14.448
21/11/2005,14.052
22/11/2005,14.052
23/11/2005,13.656
24/11/2005,12.766
25/11/2005,12.766
26/11/2005,12.766
27/11/2005,12.667
28/11/2005,12.172
29/11/2005,12.172
30/11/2005,12.172
1/12/2005,15.215
2/12/2005,14.844
3/12/2005,14.844
4/12/2005,14.844
5/12/2005,14.844
6/12/2005,14.473
7/12/2005,14.226
8/12/2005,14.226
9/12/2005,13.854
10/12/2005,12.370
11/12/2005,12.370
12/12/2005,12.370
13/12/2005,12.061
14/12/2005,12.061
15/12/2005,11.764
16/12/2005,11.764
17/12/2005,11.764
18/12/2005,11.356
19/12/2005,11.145
20/12/2005,11.145
21/12/2005,11.145
22/12/2005,10.848
23/12/2005,10.230
24/12/2005,10.230
25/12/2005,10.539
26/12/2005,10.539
27/12/2005,10.539
28/12/2005,10.329
29/12/2005,10.230
30/12/2005,9.921
31/12/2005,9.921
1/1/2006,9.921
2/1/2006,9.921
3/1/2006,9.921
4/1/2006,9.624
5/1/2006,9.624
6/1/2006,9.624
7/1/2006,9.624
8/1/2006,9.624
9/1/2006,9.624
10/1/2006,9.624
11/1/2006,9.315
12/1/2006,9.315
13/1/2006,9.921
14/1/2006,10.230
15/1/2006,10.230
16/1/2006,10.230
17/1/2006,10.230
18/1/2006,10.230
19/1/2006,10.539
20/1/2006,10.539
21/1/2006,10.539
22/1/2006,10.539
23/1/2006,10.539
24/1/2006,10.230
25/1/2006,10.230
26/1/2006,10.230
27/1/2006,10.230
28/1/2006,10.230
29/1/2006,10.230
30/1/2006,10.230
31/1/2006,10.230
1/2/2006,10.230
2/2/2006,10.230
3/2/2006,10.230
4/2/2006,10.230
5/2/2006,10.230
6/2/2006,10.539
7/2/2006,10.539
8/2/2006,10.539
9/2/2006,10.539
10/2/2006,10.539
11/2/2006,10.539
12/2/2006,10.539
13/2/2006,10.230
14/2/2006,10.230
15/2/2006,10.230
16/2/2006,10.230
17/2/2006,10.230
18/2/2006,10.638
19/2/2006,10.230
20/2/2006,10.230
21/2/2006,10.032
22/2/2006,10.230
23/2/2006,10.230
24/2/2006,10.230
25/2/2006,10.539
26/2/2006,10.329
27/2/2006,10.131
28/2/2006,10.032
1/3/2006,10.03
2/3/2006,9.921
3/3/2006,9.921
4/3/2006,9.921
5/3/2006,9.921
6/3/2006,9.921
7/3/2006,9.921
8/3/2006,9.921
9/3/2006,9.921
10/3/2006,9.921
11/3/2006,9.921
12/3/2006,9.921
13/3/2006,9.921
14/3/2006,9.921
15/3/2006,9.921
16/3/2006,9.921
17/3/2006,9.921
18/3/2006,9.921
19/3/2006,9.921
20/3/2006,9.921
21/3/2006,9.921
22/3/2006,9.921
23/3/2006,9.921
24/3/2006,9.921
25/3/2006,9.921
26/3/2006,9.921
27/3/2006,9.921
28/3/2006,9.723
29/3/2006,9.624
30/3/2006,9.624
31/3/2006,9.315
1/4/2006,9.228
2/4/2006,8.882
3/4/2006,9.537
4/4/2006,9.055
5/4/2006,10.156
6/4/2006,16.823
7/4/2006,10.848
8/4/2006,10.638
9/4/2006,9.624
10/4/2006,9.822
11/4/2006,9.624
12/4/2006,9.624
13/4/2006,9.822
14/4/2006,9.921
15/4/2006,9.624
16/4/2006,9.414
17/4/2006,9.414
18/4/2006,10.032
19/4/2006,11.554
20/4/2006,9.822
21/4/2006,9.228
22/4/2006,9.414
23/4/2006,9.624
24/4/2006,9.327
25/4/2006,10.947
26/4/2006,10.947
27/4/2006,9.723
28/4/2006,9.624
29/4/2006,9.921
30/4/2006,10.032
1/5/2006,7.709
2/5/2006,8.026
3/5/2006,8.105
4/5/2006,8.431
5/5/2006,11.182
6/5/2006,11.380
7/5/2006,11.281
8/5/2006,11.380
9/5/2006,11.677
10/5/2006,11.380
11/5/2006,14.745
12/5/2006,16.625
13/5/2006,18.506
14/5/2006,16.526
15/5/2006,10.490
16/5/2006,10.292
17/5/2006,9.896
18/5/2006,9.243
19/5/2006,9.322
20/5/2006,10.292
21/5/2006,10.094
22/5/2006,10.193
23/5/2006,9.817
24/5/2006,9.995
25/5/2006,17.714
26/5/2006,21.078
27/5/2006,31.370
28/5/2006,69.173
29/5/2006,20.782
30/5/2006,21.078
31/5/2006,57.793
1/6/2006,86.095
2/6/2006,66.520
3/6/2006,43.140
4/6/2006,39.244
5/6/2006,35.904
6/6/2006,81.642
7/6/2006,46.851
8/6/2006,54.830
9/6/2006,41.192
10/6/2006,96.672
11/6/2006,88.415
12/6/2006,78.209
13/6/2006,67.355
14/6/2006,39.615
15/6/2006,42.862
16/6/2006,34.420
17/6/2006,30.801
18/6/2006,31.822
19/6/2006,30.245
20/6/2006,41.007
21/6/2006,38.780
22/6/2006,29.131
23/6/2006,37.481
24/6/2006,46.109
25/6/2006,44.810
26/6/2006,80.158
27/6/2006,143.80
28/6/2006,94.445
29/6/2006,102.33
30/6/2006,104.84
1/7/2006,107.897
2/7/2006,99.733
3/7/2006,61.788
4/7/2006,57.057
5/7/2006,65.963
6/7/2006,63.273
7/7/2006,48.985
8/7/2006,70.880
9/7/2006,66.149
10/7/2006,86.002
11/7/2006,122.834
12/7/2006,90.641
13/7/2006,80.250
14/7/2006,120.886
15/7/2006,87.116
16/7/2006,142.131
17/7/2006,103.259
18/7/2006,86.188
19/7/2006,123.205
20/7/2006,118.752
21/7/2006,118.288
22/7/2006,110.681
23/7/2006,95.187
24/7/2006,97.599
25/7/2006,113.742
26/7/2006,121.535
27/7/2006,101.589
28/7/2006,78.766
29/7/2006,70.787
30/7/2006,71.622
31/7/2006,60.304
1/8/2006,57.057
2/8/2006,89.528
3/8/2006,91.940
4/8/2006,71.622
5/8/2006,85.910
6/8/2006,72.643
7/8/2006,72.365
8/8/2006,79.137
9/8/2006,78.117
10/8/2006,64.015
11/8/2006,53.438
12/8/2006,56.222
13/8/2006,54.366
14/8/2006,70.880
15/8/2006,63.644
16/8/2006,61.695
17/8/2006,51.212
18/8/2006,43.048
19/8/2006,66.891
20/8/2006,129.89
21/8/2006,108.36
22/8/2006,100.01
23/8/2006,89.528
24/8/2006,70.323
25/8/2006,70.138
26/8/2006,114.76
27/8/2006,87.301
28/8/2006,87.672
29/8/2006,92.682
30/8/2006,123.67
31/8/2006,87.023
1/9/2006,75.426
2/9/2006,64.664
3/9/2006,62.623
4/9/2006,61.695
5/9/2006,61.695
6/9/2006,60.118
7/9/2006,55.758
8/9/2006,45.924
9/9/2006,52.975
10/9/2006,70.323
11/9/2006,69.674
12/9/2006,85.817
13/9/2006,234.071
14/9/2006,77.931
15/9/2006,109.753
16/9/2006,116.897
17/9/2006,81.271
18/9/2006,80.993
19/9/2006,67.447
20/9/2006,59.933
21/9/2006,57.984
22/9/2006,53.531
23/9/2006,60.675
24/9/2006,68.004
25/9/2006,156.51
26/9/2006,106.04
27/9/2006,76.539
28/9/2006,64.200
29/9/2006,59.005
30/9/2006,59.005
1/10/2006,50.748
2/10/2006,43.233
3/10/2006,48.243
4/10/2006,60.304
5/10/2006,50.284
6/10/2006,39.800
7/10/2006,38.409
8/10/2006,35.811
9/10/2006,33.306
10/10/2006,33.306
11/10/2006,29.317
12/10/2006,33.399
13/10/2006,32.564
14/10/2006,27.833
15/10/2006,25.699
16/10/2006,22.359
17/10/2006,21.524
18/10/2006,20.689
19/10/2006,19.112
20/10/2006,17.998
21/10/2006,17.998
22/10/2006,17.627
23/10/2006,17.998
24/10/2006,16.607
25/10/2006,15.957
26/10/2006,14.937
27/10/2006,14.287
28/10/2006,13.731
29/10/2006,13.360
30/10/2006,12.803
31/10/2006,12.246
1/11/2006,12.271
2/11/2006,12.766
3/11/2006,12.667
4/11/2006,12.172
5/11/2006,11.875
6/11/2006,11.875
7/11/2006,11.578
8/11/2006,11.380
9/11/2006,11.380
10/11/2006,11.084
11/11/2006,11.084
12/11/2006,11.084
13/11/2006,11.084
14/11/2006,10.787
15/11/2006,10.787
16/11/2006,10.490
17/11/2006,10.490
18/11/2006,10.193
19/11/2006,10.193
20/11/2006,9.896
21/11/2006,9.817
22/11/2006,9.164
23/11/2006,8.916
24/11/2006,8.916
25/11/2006,8.679
26/11/2006,8.679
27/11/2006,8.431
28/11/2006,8.431
29/11/2006,8.184
30/11/2006,8.184
1/12/2006,9.921
2/12/2006,9.921
3/12/2006,9.315
4/12/2006,8.263
5/12/2006,8.263
6/12/2006,8.003
7/12/2006,8.523
8/12/2006,8.523
9/12/2006,8.708
10/12/2006,9.055
11/12/2006,9.315
12/12/2006,10.54
13/12/2006,9.921
14/12/2006,9.921
15/12/2006,9.624
16/12/2006,9.624
17/12/2006,9.315
18/12/2006,9.315
19/12/2006,9.315
20/12/2006,8.795
21/12/2006,8.795
22/12/2006,9.723
23/12/2006,9.315
24/12/2006,9.055
25/12/2006,9.055
26/12/2006,9.055
27/12/2006,9.315
28/12/2006,9.315
29/12/2006,9.315
30/12/2006,9.315
31/12/2006,9.315
1/1/2007,9.055
2/1/2007,9.055
3/1/2007,9.055
4/1/2007,8.795
5/1/2007,8.795
6/1/2007,8.795
7/1/2007,8.795
8/1/2007,8.795
9/1/2007,8.523
10/1/2007,8.523
11/1/2007,8.523
12/1/2007,8.523
13/1/2007,8.523
14/1/2007,8.523
15/1/2007,8.523
16/1/2007,8.523
17/1/2007,8.523
18/1/2007,8.523
19/1/2007,8.003
20/1/2007,8.003
21/1/2007,8.003
22/1/2007,8.003
23/1/2007,7.744
24/1/2007,7.744
25/1/2007,7.484
26/1/2007,7.484
27/1/2007,7.484
28/1/2007,7.484
29/1/2007,7.212
30/1/2007,7.212
31/1/2007,7.212
1/2/2007,7.657
2/2/2007,7.484
3/2/2007,7.484
4/2/2007,7.484
5/2/2007,7.657
6/2/2007,7.744
7/2/2007,7.744
8/2/2007,9.302
9/2/2007,9.339
10/2/2007,9.055
11/2/2007,9.055
12/2/2007,8.795
13/2/2007,8.795
14/2/2007,9.921
15/2/2007,10.64
16/2/2007,9.315
17/2/2007,10.03
18/2/2007,9.921
19/2/2007,9.080
20/2/2007,9.624
21/2/2007,9.921
22/2/2007,9.921
23/2/2007,9.921
24/2/2007,9.921
25/2/2007,9.921
26/2/2007,10.23
27/2/2007,10.33
28/2/2007,10.33
1/3/2007,10.230
2/3/2007,10.131
3/3/2007,10.131
4/3/2007,9.921
5/3/2007,10.131
6/3/2007,10.131
7/3/2007,10.131
8/3/2007,10.131
9/3/2007,9.921
10/3/2007,9.921
11/3/2007,9.921
12/3/2007,9.921
13/3/2007,9.921
14/3/2007,9.921
15/3/2007,9.921
16/3/2007,9.921
17/3/2007,9.921
18/3/2007,9.921
19/3/2007,9.921
20/3/2007,10.131
21/3/2007,9.921
22/3/2007,10.329
23/3/2007,9.141
24/3/2007,9.141
25/3/2007,9.141
26/3/2007,9.240
27/3/2007,9.315
28/3/2007,9.315
29/3/2007,9.723
30/3/2007,9.414
31/3/2007,9.414
1/4/2007,9.414
2/4/2007,9.624
3/4/2007,9.315
4/4/2007,9.513
5/4/2007,9.315
6/4/2007,9.315
7/4/2007,9.315
8/4/2007,9.315
9/4/2007,10.242
10/4/2007,11.046
11/4/2007,10.131
12/4/2007,10.329
13/4/2007,9.414
14/4/2007,9.723
15/4/2007,9.822
16/4/2007,9.921
17/4/2007,11.455
18/4/2007,9.723
19/4/2007,9.315
20/4/2007,9.488
21/4/2007,9.698
22/4/2007,10.329
23/4/2007,9.562
24/4/2007,10.539
25/4/2007,11.863
26/4/2007,8.882
27/4/2007,8.523
28/4/2007,8.177
29/4/2007,7.830
30/4/2007,8.436
1/5/2007,6.056
2/5/2007,6.749
3/5/2007,6.195
4/5/2007,8.758
5/5/2007,6.333
6/5/2007,6.680
7/5/2007,7.244
8/5/2007,8.511
9/5/2007,7.036
10/5/2007,7.382
11/5/2007,8.055
12/5/2007,11.380
13/5/2007,8.590
14/5/2007,7.610
15/5/2007,7.610
16/5/2007,8.105
17/5/2007,9.411
18/5/2007,9.738
19/5/2007,11.084
20/5/2007,18.110
21/5/2007,12.865
22/5/2007,42.256
23/5/2007,34.636
24/5/2007,29.886
25/5/2007,15.933
26/5/2007,11.479
27/5/2007,12.469
28/5/2007,13.360
29/5/2007,11.875
30/5/2007,11.380
31/5/2007,9.995
1/6/2007,9.278
2/6/2007,9.278
3/6/2007,9.278
4/6/2007,11.226
5/6/2007,9.278
6/6/2007,16.607
7/6/2007,12.246
8/6/2007,12.246
9/6/2007,14.566
10/6/2007,28.389
11/6/2007,31.358
12/6/2007,25.606
13/6/2007,30.987
14/6/2007,109.57
15/6/2007,43.419
16/6/2007,48.521
17/6/2007,63.922
18/6/2007,50.099
19/6/2007,41.007
20/6/2007,41.099
21/6/2007,30.430
22/6/2007,35.069
23/6/2007,41.099
24/6/2007,43.790
25/6/2007,44.161
26/6/2007,34.420
27/6/2007,88.415
28/6/2007,75.890
29/6/2007,36.739
30/6/2007,40.079
1/7/2007,47.779
2/7/2007,53.995
3/7/2007,74.127
4/7/2007,91.847
5/7/2007,77.374
6/7/2007,64.664
7/7/2007,68.746
8/7/2007,78.302
9/7/2007,60.953
10/7/2007,73.199
11/7/2007,125.525
12/7/2007,97.507
13/7/2007,113.928
14/7/2007,138.235
15/7/2007,102.424
16/7/2007,77.282
17/7/2007,92.868
18/7/2007,72.086
19/7/2007,102.516
20/7/2007,74.034
21/7/2007,124.597
22/7/2007,136.101
23/7/2007,111.794
24/7/2007,114.855
25/7/2007,127.287
26/7/2007,131.741
27/7/2007,137.307
28/7/2007,126.081
29/7/2007,130.163
30/7/2007,118.752
31/7/2007,103.351
1/8/2007,136.936
2/8/2007,113.464
3/8/2007,109.289
4/8/2007,105.300
5/8/2007,115.041
6/8/2007,97.970
7/8/2007,82.384
8/8/2007,82.570
9/8/2007,68.282
10/8/2007,65.128
11/8/2007,93.517
12/8/2007,71.344
13/8/2007,69.303
14/8/2007,75.148
15/8/2007,74.684
16/8/2007,75.612
17/8/2007,132.668
18/8/2007,86.188
19/8/2007,117.917
20/8/2007,74.684
21/8/2007,69.396
22/8/2007,58.819
23/8/2007,59.190
24/8/2007,57.428
25/8/2007,56.500
26/8/2007,55.665
27/8/2007,89.157
28/8/2007,83.219
29/8/2007,61.510
30/8/2007,83.498
31/8/2007,67.819
1/9/2007,91.940
2/9/2007,138.513
3/9/2007,103.073
4/9/2007,128.772
5/9/2007,169.593
6/9/2007,139.163
7/9/2007,131.741
8/9/2007,141.667
9/9/2007,138.235
10/9/2007,139.163
11/9/2007,141.946
12/9/2007,144.729
13/9/2007,139.812
14/9/2007,136.658
15/9/2007,128.772
16/9/2007,136.101
17/9/2007,129.328
18/9/2007,93.888
19/9/2007,56.036
20/9/2007,54.181
21/9/2007,50.562
22/9/2007,50.284
23/9/2007,48.614
24/9/2007,48.336
25/9/2007,47.779
26/9/2007,44.439
27/9/2007,44.068
28/9/2007,43.883
29/9/2007,46.851
30/9/2007,45.553
1/10/2007,44.996
2/10/2007,44.718
3/10/2007,44.439
4/10/2007,41.099
5/10/2007,37.481
6/10/2007,34.698
7/10/2007,35.440
8/10/2007,42.677
9/10/2007,50.562
10/10/2007,50.748
11/10/2007,49.727
12/10/2007,37.203
13/10/2007,36.924
14/10/2007,36.832
15/10/2007,37.110
16/10/2007,36.646
17/10/2007,24.864
18/10/2007,24.400
19/10/2007,24.400
20/10/2007,24.122
21/10/2007,23.750
22/10/2007,23.101
23/10/2007,23.101
24/10/2007,23.101
25/10/2007,23.101
26/10/2007,22.823
27/10/2007,22.452
28/10/2007,22.080
29/10/2007,21.245
30/10/2007,20.689
31/10/2007,20.689
1/11/2007,22.068
2/11/2007,21.474
3/11/2007,21.078
4/11/2007,21.078
5/11/2007,21.078
6/11/2007,21.078
7/11/2007,20.782
8/11/2007,20.485
9/11/2007,20.188
10/11/2007,19.891
11/11/2007,19.297
12/11/2007,18.604
13/11/2007,18.209
14/11/2007,18.209
15/11/2007,18.011
16/11/2007,17.714
17/11/2007,17.714
18/11/2007,17.516
19/11/2007,17.120
20/11/2007,16.328
21/11/2007,15.735
22/11/2007,15.339
23/11/2007,15.240
24/11/2007,14.646
25/11/2007,14.151
26/11/2007,13.656
27/11/2007,13.360
28/11/2007,13.063
29/11/2007,12.766
30/11/2007,12.469
1/12/2007,15.215
2/12/2007,14.968
3/12/2007,14.102
4/12/2007,13.731
5/12/2007,13.483
6/12/2007,13.236
7/12/2007,12.989
8/12/2007,12.494
9/12/2007,12.184
10/12/2007,12.110
11/12/2007,11.875
12/12/2007,11.665
13/12/2007,11.455
14/12/2007,11.170
15/12/2007,10.960
16/12/2007,10.750
17/12/2007,10.539
18/12/2007,10.403
19/12/2007,10.267
20/12/2007,9.847
21/12/2007,9.983
22/12/2007,9.772
23/12/2007,9.847
24/12/2007,9.587
25/12/2007,9.463
26/12/2007,9.401
27/12/2007,9.216
28/12/2007,9.030
29/12/2007,8.845
30/12/2007,8.659
31/12/2007,8.473
1/1/2008,8.288
2/1/2008,8.102
3/1/2008,7.979
4/1/2008,8.041
5/1/2008,7.917
6/1/2008,7.768
7/1/2008,7.620
8/1/2008,7.620
9/1/2008,7.471
10/1/2008,7.620
11/1/2008,7.471
12/1/2008,7.323
13/1/2008,7.175
14/1/2008,7.175
15/1/2008,7.026
16/1/2008,6.878
17/1/2008,6.729
18/1/2008,6.779
19/1/2008,6.878
20/1/2008,6.878
21/1/2008,6.729
22/1/2008,6.729
23/1/2008,6.630
24/1/2008,6.581
25/1/2008,6.630
26/1/2008,6.531
27/1/2008,6.531
28/1/2008,6.432
29/1/2008,6.482
30/1/2008,6.432
31/1/2008,6.296
1/2/2008,6.296
2/2/2008,6.160
3/2/2008,6.160
4/2/2008,6.024
5/2/2008,5.888
6/2/2008,5.752
7/2/2008,5.480
8/2/2008,5.480
9/2/2008,5.344
10/2/2008,5.208
11/2/2008,5.072
12/2/2008,4.948
13/2/2008,4.824
14/2/2008,4.738
15/2/2008,4.614
16/2/2008,4.577
17/2/2008,4.453
18/2/2008,4.701
19/2/2008,4.738
20/2/2008,4.701
21/2/2008,4.701
22/2/2008,4.614
23/2/2008,4.577
24/2/2008,4.577
25/2/2008,4.577
26/2/2008,4.577
27/2/2008,4.453
28/2/2008,4.416
29/2/2008,4.453
1/3/2008,4.453
2/3/2008,4.330
3/3/2008,4.453
4/3/2008,5.035
5/3/2008,6.024
6/3/2008,5.975
7/3/2008,5.802
8/3/2008,5.703
9/3/2008,5.703
10/3/2008,5.567
11/3/2008,5.393
12/3/2008,5.035
13/3/2008,5.171
14/3/2008,5.084
15/3/2008,5.072
16/3/2008,4.577
17/3/2008,4.861
18/3/2008,7.373
19/3/2008,5.839
20/3/2008,5.567
21/3/2008,4.985
22/3/2008,5.294
23/3/2008,5.035
24/3/2008,5.035
25/3/2008,6.507
26/3/2008,5.567
27/3/2008,5.344
28/3/2008,5.802
29/3/2008,5.344
30/3/2008,5.171
31/3/2008,5.307
1/4/2008,6.074
2/4/2008,5.752
3/4/2008,5.839
4/4/2008,6.210
5/4/2008,6.346
6/4/2008,6.383
7/4/2008,6.878
8/4/2008,5.307
9/4/2008,5.665
10/4/2008,5.480
11/4/2008,6.272
12/4/2008,5.752
13/4/2008,10.106
14/4/2008,9.945
15/4/2008,10.205
16/4/2008,7.410
17/4/2008,9.933
18/4/2008,10.230
19/4/2008,9.599
20/4/2008,9.401
21/4/2008,9.315
22/4/2008,8.659
23/4/2008,8.783
24/4/2008,12.184
25/4/2008,25.482
26/4/2008,16.452
27/4/2008,18.060
28/4/2008,23.627
29/4/2008,13.607
30/4/2008,17.442
1/5/2008,13.360
2/5/2008,17.417
3/5/2008,16.526
4/5/2008,12.469
5/5/2008,12.469
6/5/2008,11.084
7/5/2008,11.380
8/5/2008,12.073
9/5/2008,12.865
10/5/2008,11.182
11/5/2008,9.658
12/5/2008,11.776
13/5/2008,13.261
14/5/2008,10.094
15/5/2008,13.162
16/5/2008,12.766
17/5/2008,20.485
18/5/2008,13.854
19/5/2008,23.849
20/5/2008,15.042
21/5/2008,12.667
22/5/2008,14.547
23/5/2008,15.537
24/5/2008,15.141
25/5/2008,14.052
26/5/2008,19.297
27/5/2008,19.297
28/5/2008,14.448
29/5/2008,17.318
30/5/2008,19.990
31/5/2008,19.693
1/6/2008,15.308
2/6/2008,13.081
3/6/2008,37.759
4/6/2008,53.346
5/6/2008,31.915
6/6/2008,43.883
7/6/2008,27.276
8/6/2008,28.204
9/6/2008,28.667
10/6/2008,28.296
11/6/2008,24.029
12/6/2008,23.379
13/6/2008,55.201
14/6/2008,61.510
15/6/2008,39.708
16/6/2008,32.657
17/6/2008,31.172
18/6/2008,52.232
19/6/2008,40.172
20/6/2008,48.614
21/6/2008,42.955
22/6/2008,27.833
23/6/2008,34.420
24/6/2008,47.686
25/6/2008,72.550
26/6/2008,69.488
27/6/2008,63.087
28/6/2008,56.314
29/6/2008,44.625
30/6/2008,44.346
1/7/2008,66.241
2/7/2008,63.458
3/7/2008,65.777
4/7/2008,77.931
5/7/2008,96.300
6/7/2008,72.828
7/7/2008,58.077
8/7/2008,44.068
9/7/2008,51.397
10/7/2008,38.223
11/7/2008,84.425
12/7/2008,77.189
13/7/2008,78.766
14/7/2008,97.970
15/7/2008,114.206
16/7/2008,77.003
17/7/2008,66.705
18/7/2008,129.514
19/7/2008,88.600
20/7/2008,97.228
21/7/2008,98.805
22/7/2008,151.873
23/7/2008,109.475
24/7/2008,105.671
25/7/2008,95.837
26/7/2008,163.841
27/7/2008,132.947
28/7/2008,112.072
29/7/2008,103.630
30/7/2008,90.548
31/7/2008,92.218
1/8/2008,78.024
2/8/2008,105.671
3/8/2008,134.245
4/8/2008,179.984
5/8/2008,106.227
6/8/2008,104.465
7/8/2008,156.975
8/8/2008,124.319
9/8/2008,101.218
10/8/2008,101.589
11/8/2008,113.464
12/8/2008,83.034
13/8/2008,143.987
14/8/2008,106.784
15/8/2008,118.474
16/8/2008,149.832
17/8/2008,97.414
18/8/2008,102.980
19/8/2008,186.571
20/8/2008,120.886
21/8/2008,100.197
22/8/2008,132.854
23/8/2008,132.390
24/8/2008,157.068
25/8/2008,121.721
26/8/2008,125.525
27/8/2008,126.731
28/8/2008,209.022
29/8/2008,183.416
30/8/2008,162.171
31/8/2008,123.205
1/9/2008,97.507
2/9/2008,82.755
3/9/2008,99.176
4/9/2008,105.49
5/9/2008,93.239
6/9/2008,68.190
7/9/2008,61.139
8/9/2008,59.098
9/9/2008,63.829
10/9/2008,88.600
11/9/2008,85.167
12/9/2008,75.241
13/9/2008,92.218
14/9/2008,89.899
15/9/2008,60.768
16/9/2008,44.068
17/9/2008,53.624
18/9/2008,55.016
19/9/2008,50.006
20/9/2008,43.790
21/9/2008,44.068
22/9/2008,44.625
23/9/2008,60.489
24/9/2008,47.779
25/9/2008,44.068
26/9/2008,43.511
27/9/2008,39.986
28/9/2008,46.388
29/9/2008,41.099
30/9/2008,41.285
1/10/2008,37.945
2/10/2008,39.893
3/10/2008,38.594
4/10/2008,37.667
5/10/2008,44.625
6/10/2008,43.883
7/10/2008,38.594
8/10/2008,37.203
9/10/2008,41.934
10/10/2008,40.821
11/10/2008,32.471
12/10/2008,31.172
13/10/2008,27.276
14/10/2008,26.626
15/10/2008,23.750
16/10/2008,21.617
17/10/2008,21.245
18/10/2008,19.297
19/10/2008,19.112
20/10/2008,18.277
21/10/2008,18.091
22/10/2008,17.627
23/10/2008,16.792
24/10/2008,16.236
25/10/2008,15.308
26/10/2008,13.916
27/10/2008,18.462
28/10/2008,19.483
29/10/2008,19.390
30/10/2008,20.132
31/10/2008,18.555
1/11/2008,18.011
2/11/2008,18.110
3/11/2008,17.120
4/11/2008,17.120
5/11/2008,23.256
6/11/2008,18.011
7/11/2008,17.021
8/11/2008,16.032
9/11/2008,15.339
10/11/2008,15.141
11/11/2008,14.646
12/11/2008,14.448
13/11/2008,14.151
14/11/2008,13.854
15/11/2008,13.755
16/11/2008,13.261
17/11/2008,12.964
18/11/2008,12.568
19/11/2008,12.271
20/11/2008,11.875
21/11/2008,11.479
22/11/2008,11.281
23/11/2008,10.985
24/11/2008,10.589
25/11/2008,10.391
26/11/2008,10.193
27/11/2008,9.896
28/11/2008,9.629
29/11/2008,9.391
30/11/2008,9.273
1/12/2008,11.319
2/12/2008,11.034
3/12/2008,11.034
4/12/2008,10.750
5/12/2008,10.688
6/12/2008,10.403
7/12/2008,10.403
8/12/2008,10.193
9/12/2008,9.983
10/12/2008,9.983
11/12/2008,9.908
12/12/2008,9.649
13/12/2008,9.587
14/12/2008,8.906
15/12/2008,8.412
16/12/2008,12.617
17/12/2008,12.617
18/12/2008,12.617
19/12/2008,12.617
20/12/2008,12.370
21/12/2008,12.345
22/12/2008,12.345
23/12/2008,12.184
24/12/2008,12.110
25/12/2008,12.110
26/12/2008,12.345
27/12/2008,13.236
28/12/2008,12.741
29/12/2008,12.370
30/12/2008,12.036
31/12/2008,11.739
1/1/2009,11.455
2/1/2009,11.529
3/1/2009,11.244
4/1/2009,10.898
5/1/2009,10.824
6/1/2009,10.613
7/1/2009,10.403
8/1/2009,10.193
9/1/2009,10.193
10/1/2009,9.983
11/1/2009,9.772
12/1/2009,9.587
13/1/2009,9.587
14/1/2009,9.401
15/1/2009,9.401
16/1/2009,9.401
17/1/2009,9.216
18/1/2009,9.216
19/1/2009,9.216
20/1/2009,9.030
21/1/2009,9.030
22/1/2009,9.030
23/1/2009,8.845
24/1/2009,8.845
25/1/2009,8.845
26/1/2009,8.721
27/1/2009,8.783
28/1/2009,8.659
29/1/2009,8.659
30/1/2009,8.473
31/1/2009,8.473
1/2/2009,8.473
2/2/2009,8.102
3/2/2009,8.102
4/2/2009,8.288
5/2/2009,8.288
6/2/2009,7.979
7/2/2009,7.979
8/2/2009,8.102
9/2/2009,8.102
10/2/2009,8.102
11/2/2009,7.979
12/2/2009,7.929
13/2/2009,7.929
14/2/2009,7.818
15/2/2009,7.768
16/2/2009,7.521
17/2/2009,7.521
18/2/2009,7.471
19/2/2009,7.422
20/2/2009,7.422
21/2/2009,7.323
22/2/2009,7.373
23/2/2009,7.224
24/2/2009,7.175
25/2/2009,7.323
26/2/2009,7.471
27/2/2009,7.323
28/2/2009,7.224
1/3/2009,7.224
2/3/2009,7.125
3/3/2009,7.175
4/3/2009,7.175
5/3/2009,7.175
6/3/2009,7.125
7/3/2009,7.026
8/3/2009,7.026
9/3/2009,7.026
10/3/2009,7.026
11/3/2009,6.779
12/3/2009,6.779
13/3/2009,6.779
14/3/2009,6.432
15/3/2009,6.482
16/3/2009,6.346
17/3/2009,6.383
18/3/2009,6.482
19/3/2009,6.296
20/3/2009,6.581
21/3/2009,7.125
22/3/2009,6.779
23/3/2009,6.927
24/3/2009,6.927
25/3/2009,7.026
26/3/2009,7.323
27/3/2009,7.830
28/3/2009,7.471
29/3/2009,7.471
30/3/2009,7.570
31/3/2009,9.414
1/4/2009,7.929
2/4/2009,7.830
3/4/2009,13.236
4/4/2009,10.403
5/4/2009,8.659
6/4/2009,22.142
7/4/2009,12.184
8/4/2009,17.071
9/4/2009,15.339
10/4/2009,11.195
11/4/2009,10.354
12/4/2009,10.354
13/4/2009,10.576
14/4/2009,10.898
15/4/2009,9.921
16/4/2009,9.859
17/4/2009,28.575
18/4/2009,20.782
19/4/2009,13.854
20/4/2009,11.888
21/4/2009,12.209
22/4/2009,13.236
23/4/2009,12.494
24/4/2009,11.529
25/4/2009,11.405
26/4/2009,11.405
27/4/2009,11.108
28/4/2009,10.613
29/4/2009,10.477
30/4/2009,10.477
1/5/2009,9.817
2/5/2009,10.985
3/5/2009,15.339
4/5/2009,13.261
5/5/2009,10.391
6/5/2009,9.391
7/5/2009,10.292
8/5/2009,9.332
9/5/2009,8.600
10/5/2009,9.688
11/5/2009,13.261
12/5/2009,10.490
13/5/2009,11.084
14/5/2009,10.490
15/5/2009,9.688
16/5/2009,9.391
17/5/2009,10.589
18/5/2009,9.510
19/5/2009,9.104
20/5/2009,9.055
21/5/2009,11.479
22/5/2009,11.974
23/5/2009,13.261
24/5/2009,11.974
25/5/2009,10.688
26/5/2009,16.328
27/5/2009,80.652
28/5/2009,23.849
29/5/2009,22.662
30/5/2009,17.714
31/5/2009,19.594
1/6/2009,15.308
2/6/2009,13.267
3/6/2009,16.421
4/6/2009,15.308
5/6/2009,25.791
6/6/2009,27.276
7/6/2009,27.276
8/6/2009,20.318
9/6/2009,23.008
10/6/2009,22.080
11/6/2009,18.462
12/6/2009,17.163
13/6/2009,19.483
14/6/2009,18.462
15/6/2009,18.277
16/6/2009,23.008
17/6/2009,20.782
18/6/2009,19.947
19/6/2009,21.153
20/6/2009,20.967
21/6/2009,26.441
22/6/2009,22.637
23/6/2009,26.626
24/6/2009,22.637
25/6/2009,23.750
26/6/2009,27.369
27/6/2009,43.511
28/6/2009,47.872
29/6/2009,39.429
30/6/2009,48.057
1/7/2009,54.273
2/7/2009,53.067
3/7/2009,49.635
4/7/2009,45.181
5/7/2009,54.644
6/7/2009,47.501
7/7/2009,46.109
8/7/2009,41.563
9/7/2009,41.563
10/7/2009,50.006
11/7/2009,42.955
12/7/2009,43.048
13/7/2009,44.903
14/7/2009,52.789
15/7/2009,52.418
16/7/2009,45.553
17/7/2009,37.481
18/7/2009,47.222
19/7/2009,52.047
20/7/2009,55.479
21/7/2009,39.151
22/7/2009,56.964
23/7/2009,46.295
24/7/2009,50.748
25/7/2009,39.986
26/7/2009,128.49
27/7/2009,264.13
28/7/2009,99.919
29/7/2009,81.549
30/7/2009,101.31
31/7/2009,75.519
1/8/2009,63.180
2/8/2009,65.963
3/8/2009,65.777
4/8/2009,92.218
5/8/2009,77.931
6/8/2009,124.782
7/8/2009,90.734
8/8/2009,68.375
9/8/2009,79.601
10/8/2009,102.702
11/8/2009,90.734
12/8/2009,80.343
13/8/2009,82.384
14/8/2009,81.828
15/8/2009,87.672
16/8/2009,105.114
17/8/2009,98.898
18/8/2009,107.526
19/8/2009,139.070
20/8/2009,201.322
21/8/2009,99.455
22/8/2009,87.301
23/8/2009,118.195
24/8/2009,126.081
25/8/2009,104.372
26/8/2009,83.776
27/8/2009,85.446
28/8/2009,80.621
29/8/2009,68.746
30/8/2009,78.117
31/8/2009,65.963
1/9/2009,52.882
2/9/2009,65.406
3/9/2009,78.766
4/9/2009,59.098
5/9/2009,52.696
6/9/2009,51.490
7/9/2009,58.263
8/9/2009,48.336
9/9/2009,50.470
10/9/2009,61.881
11/9/2009,62.438
12/9/2009,48.521
13/9/2009,41.749
14/9/2009,40.264
15/9/2009,39.058
16/9/2009,38.502
17/9/2009,98.898
18/9/2009,107.526
19/9/2009,139.070
20/9/2009,201.322
21/9/2009,99.455
22/9/2009,87.301
23/9/2009,121.535
24/9/2009,126.081
25/9/2009,104.372
26/9/2009,83.776
27/9/2009,87.023
28/9/2009,80.621
29/9/2009,68.746
30/9/2009,78.117
1/10/2009,26.905
2/10/2009,26.441
3/10/2009,25.328
4/10/2009,24.585
5/10/2009,25.699
6/10/2009,25.606
7/10/2009,51.305
8/10/2009,79.508
9/10/2009,30.616
10/10/2009,25.606
11/10/2009,24.214
12/10/2009,23.472
13/10/2009,22.452
14/10/2009,21.245
15/10/2009,20.411
16/10/2009,20.039
17/10/2009,19.761
18/10/2009,19.854
19/10/2009,19.297
20/10/2009,19.112
21/10/2009,18.555
22/10/2009,17.720
23/10/2009,17.442
24/10/2009,17.256
25/10/2009,17.071
26/10/2009,16.607
27/10/2009,16.421
28/10/2009,16.050
29/10/2009,15.865
30/10/2009,15.865
31/10/2009,15.957
1/11/2009,16.427
2/11/2009,16.130
3/11/2009,15.636
4/11/2009,15.438
5/11/2009,15.141
6/11/2009,14.844
7/11/2009,14.250
8/11/2009,14.646
9/11/2009,14.151
10/11/2009,14.052
11/11/2009,13.854
12/11/2009,13.656
13/11/2009,13.459
14/11/2009,13.459
15/11/2009,13.459
16/11/2009,13.360
17/11/2009,13.162
18/11/2009,13.063
19/11/2009,12.766
20/11/2009,12.568
21/11/2009,12.370
22/11/2009,12.172
23/11/2009,11.974
24/11/2009,11.776
25/11/2009,11.776
26/11/2009,11.479
27/11/2009,11.281
28/11/2009,11.182
29/11/2009,10.985
30/11/2009,10.787
1/12/2009,13.360
2/12/2009,13.360
3/12/2009,12.989
4/12/2009,12.989
5/12/2009,12.989
6/12/2009,13.112
7/12/2009,12.741
8/12/2009,12.741
9/12/2009,12.494
10/12/2009,12.494
11/12/2009,12.184
12/12/2009,12.184
13/12/2009,12.184
14/12/2009,12.011
15/12/2009,11.925
16/12/2009,11.925
17/12/2009,11.492
18/12/2009,11.405
19/12/2009,11.319
20/12/2009,11.145
21/12/2009,10.972
22/12/2009,10.886
23/12/2009,10.737
24/12/2009,11.244
25/12/2009,11.405
26/12/2009,11.665
27/12/2009,11.665
28/12/2009,11.492
29/12/2009,11.319
30/12/2009,11.232
31/12/2009,11.232
1/1/2010,11.665
2/1/2010,11.145
3/1/2010,10.886
4/1/2010,10.811
5/1/2010,10.886
6/1/2010,10.663
7/1/2010,10.515
8/1/2010,10.440
9/1/2010,10.218
10/1/2010,10.218
11/1/2010,10.069
12/1/2010,10.069
13/1/2010,9.847
14/1/2010,9.995
15/1/2010,9.995
16/1/2010,9.847
17/1/2010,9.698
18/1/2010,9.550
19/1/2010,9.327
20/1/2010,9.327
21/1/2010,9.179
22/1/2010,8.956
23/1/2010,8.882
24/1/2010,8.882
25/1/2010,8.733
26/1/2010,8.659
27/1/2010,8.659
28/1/2010,8.659
29/1/2010,8.659
30/1/2010,8.449
31/1/2010,8.449
1/2/2010,8.238
2/2/2010,8.313
3/2/2010,8.313
4/2/2010,8.102
5/2/2010,8.028
6/2/2010,8.028
7/2/2010,8.028
8/2/2010,7.682
9/2/2010,8.523
10/2/2010,8.164
11/2/2010,8.028
12/2/2010,7.744
13/2/2010,8.238
14/2/2010,7.954
15/2/2010,7.682
16/2/2010,7.608
17/2/2010,7.608
18/2/2010,7.471
19/2/2010,7.608
20/2/2010,7.397
21/2/2010,7.533
22/2/2010,7.113
23/2/2010,7.397
24/2/2010,6.977
25/2/2010,7.261
26/2/2010,7.051
27/2/2010,7.187
28/2/2010,7.397
1/3/2010,7.261
2/3/2010,8.770
3/3/2010,8.102
4/3/2010,7.892
5/3/2010,7.397
6/3/2010,7.187
7/3/2010,7.051
8/3/2010,6.902
9/3/2010,6.841
10/3/2010,6.841
11/3/2010,6.766
12/3/2010,6.766
13/3/2010,6.630
14/3/2010,6.630
15/3/2010,6.630
16/3/2010,6.630
17/3/2010,6.445
18/3/2010,6.568
19/3/2010,6.630
20/3/2010,6.507
21/3/2010,6.568
22/3/2010,6.692
23/3/2010,7.471
24/3/2010,8.585
25/3/2010,8.238
26/3/2010,7.818
27/3/2010,8.671
28/3/2010,8.671
29/3/2010,8.956
30/3/2010,8.733
31/3/2010,11.32
1/4/2010,9.624
2/4/2010,9.624
3/4/2010,8.659
4/4/2010,8.313
5/4/2010,8.028
6/4/2010,8.102
7/4/2010,7.892
8/4/2010,7.682
9/4/2010,8.102
10/4/2010,8.164
11/4/2010,11.492
12/4/2010,10.873
13/4/2010,15.710
14/4/2010,16.823
15/4/2010,13.978
16/4/2010,11.838
17/4/2010,10.675
18/4/2010,10.985
19/4/2010,12.135
20/4/2010,11.752
21/4/2010,11.752
22/4/2010,18.555
23/4/2010,16.700
24/4/2010,16.452
25/4/2010,18.555
26/4/2010,20.782
27/4/2010,14.968
28/4/2010,12.617
29/4/2010,12.494
30/4/2010,12.741
1/5/2010,8.986
2/5/2010,12.667
3/5/2010,13.360
4/5/2010,11.677
5/5/2010,13.162
6/5/2010,12.370
7/5/2010,14.745
8/5/2010,11.974
9/5/2010,13.558
10/5/2010,12.172
11/5/2010,11.084
12/5/2010,11.875
13/5/2010,10.490
14/5/2010,10.391
15/5/2010,9.748
16/5/2010,9.540
17/5/2010,19.000
18/5/2010,12.469
19/5/2010,12.568
20/5/2010,18.802
21/5/2010,25.631
22/5/2010,17.219
23/5/2010,13.162
24/5/2010,22.266
25/5/2010,17.219
26/5/2010,16.032
27/5/2010,16.130
28/5/2010,17.516
29/5/2010,14.250
30/5/2010,13.854
31/5/2010,14.745
1/6/2010,15.586
2/6/2010,13.081
3/6/2010,14.473
4/6/2010,22.173
5/6/2010,19.947
6/6/2010,26.719
7/6/2010,27.369
8/6/2010,21.988
9/6/2010,23.565
10/6/2010,21.802
11/6/2010,20.874
12/6/2010,20.225
13/6/2010,28.389
14/6/2010,20.874
15/6/2010,22.266
16/6/2010,22.266
17/6/2010,29.317
18/6/2010,51.768
19/6/2010,29.317
20/6/2010,45.367
21/6/2010,30.245
22/6/2010,28.760
23/6/2010,34.883
24/6/2010,30.894
25/6/2010,28.946
26/6/2010,36.275
27/6/2010,35.718
28/6/2010,37.481
29/6/2010,42.491
30/6/2010,38.502
1/7/2010,37.759
2/7/2010,58.077
3/7/2010,41.656
4/7/2010,58.355
5/7/2010,55.943
6/7/2010,81.364
7/7/2010,67.819
8/7/2010,61.788
9/7/2010,57.892
10/7/2010,56.036
11/7/2010,68.932
12/7/2010,66.334
13/7/2010,74.962
14/7/2010,62.623
15/7/2010,65.592
16/7/2010,85.631
17/7/2010,77.096
18/7/2010,92.033
19/7/2010,76.447
20/7/2010,147.048
21/7/2010,186.385
22/7/2010,104.094
23/7/2010,108.176
24/7/2010,80.436
25/7/2010,90.456
26/7/2010,87.765
27/7/2010,106.042
28/7/2010,68.004
29/7/2010,208.002
30/7/2010,92.589
31/7/2010,151.965
1/8/2010,77.374
2/8/2010,71.066
3/8/2010,88.600
4/8/2010,111.608
5/8/2010,99.269
6/8/2010,97.599
7/8/2010,88.229
8/8/2010,76.447
9/8/2010,60.582
10/8/2010,115.969
11/8/2010,69.767
12/8/2010,68.561
13/8/2010,84.332
14/8/2010,76.910
15/8/2010,87.487
16/8/2010,109.567
17/8/2010,129.050
18/8/2010,122.927
19/8/2010,155.398
20/8/2010,178.128
21/8/2010,126.731
22/8/2010,129.885
23/8/2010,157.346
24/8/2010,150.296
25/8/2010,123.112
26/8/2010,121.628
27/8/2010,165.603
28/8/2010,156.790
29/8/2010,123.205
30/8/2010,137.307
31/8/2010,118.195
1/9/2010,106.042
2/9/2010,113.186
3/9/2010,100.383
4/9/2010,102.609
5/9/2010,86.652
6/9/2010,82.291
7/9/2010,170.892
8/9/2010,90.363
9/9/2010,86.002
10/9/2010,73.199
11/9/2010,109.567
12/9/2010,108.547
13/9/2010,80.807
14/9/2010,91.754
15/9/2010,91.291
16/9/2010,84.611
17/9/2010,93.239
18/9/2010,105.114
19/9/2010,102.516
20/9/2010,88.043
21/9/2010,91.662
22/9/2010,90.641
23/9/2010,80.807
24/9/2010,62.252
25/9/2010,60.582
26/9/2010,50.841
27/9/2010,51.397
28/9/2010,41.934
29/9/2010,37.388
30/9/2010,40.450
1/10/2010,34.234
2/10/2010,32.100
3/10/2010,26.070
4/10/2010,27.461
5/10/2010,27.369
6/10/2010,26.163
7/10/2010,25.606
8/10/2010,24.585
9/10/2010,23.936
10/10/2010,24.585
11/10/2010,24.493
12/10/2010,24.400
13/10/2010,21.524
14/10/2010,20.132
15/10/2010,20.132
16/10/2010,20.874
17/10/2010,22.823
18/10/2010,24.493
19/10/2010,23.750
20/10/2010,23.008
21/10/2010,23.008
22/10/2010,24.214
23/10/2010,21.431
24/10/2010,20.596
25/10/2010,20.039
26/10/2010,19.483
27/10/2010,19.204
28/10/2010,18.555
29/10/2010,18.369
30/10/2010,18.369
31/10/2010,17.998
1/11/2010,18.901
2/11/2010,18.308
3/11/2010,17.417
4/11/2010,16.823
5/11/2010,16.328
6/11/2010,15.438
7/11/2010,15.933
8/11/2010,15.438
9/11/2010,14.943
10/11/2010,14.646
11/11/2010,14.052
12/11/2010,14.151
13/11/2010,14.745
14/11/2010,13.854
15/11/2010,13.162
16/11/2010,13.162
17/11/2010,14.745
18/11/2010,14.745
19/11/2010,14.646
20/11/2010,15.042
21/11/2010,15.042
22/11/2010,15.240
23/11/2010,13.656
24/11/2010,13.459
25/11/2010,13.162
26/11/2010,13.162
27/11/2010,13.162
28/11/2010,12.865
29/11/2010,12.370
30/11/2010,11.776
1/12/2010,15.215
2/12/2010,14.597
3/12/2010,14.349
4/12/2010,14.102
5/12/2010,14.102
6/12/2010,13.731
7/12/2010,13.731
8/12/2010,13.483
9/12/2010,13.483
10/12/2010,13.236
11/12/2010,13.236
12/12/2010,12.865
13/12/2010,12.741
14/12/2010,12.494
15/12/2010,12.271
16/12/2010,11.925
17/12/2010,11.665
18/12/2010,11.405
19/12/2010,10.811
20/12/2010,10.663
21/12/2010,10.589
22/12/2010,10.218
23/12/2010,10.218
24/12/2010,9.995
25/12/2010,9.995
26/12/2010,9.772
27/12/2010,9.550
28/12/2010,9.327
29/12/2010,9.327
30/12/2010,9.104
31/12/2010,9.179
1/1/2011,8.956
2/1/2011,9.327
3/1/2011,9.104
4/1/2011,9.104
5/1/2011,9.104
6/1/2011,8.807
7/1/2011,8.956
8/1/2011,8.807
9/1/2011,8.585
10/1/2011,8.523
11/1/2011,8.523
12/1/2011,8.523
13/1/2011,8.523
14/1/2011,8.523
15/1/2011,8.449
16/1/2011,8.449
17/1/2011,8.449
18/1/2011,8.523
19/1/2011,8.523
20/1/2011,8.449
21/1/2011,8.449
22/1/2011,8.313
23/1/2011,8.238
24/1/2011,8.028
25/1/2011,8.028
26/1/2011,7.818
27/1/2011,7.397
28/1/2011,7.471
29/1/2011,7.261
30/1/2011,7.261
31/1/2011,7.187
1/2/2011,7.051
2/2/2011,7.051
3/2/2011,6.977
4/2/2011,6.902
5/2/2011,6.766
6/2/2011,6.766
7/2/2011,6.766
8/2/2011,6.568
9/2/2011,6.766
10/2/2011,6.766
11/2/2011,6.148
12/2/2011,6.568
13/2/2011,6.470
14/2/2011,6.568
15/2/2011,6.445
16/2/2011,6.729
17/2/2011,10.91
18/2/2011,7.608
19/2/2011,7.397
20/2/2011,6.977
21/2/2011,6.841
22/2/2011,6.766
23/2/2011,6.643
24/2/2011,6.568
25/2/2011,6.395
26/2/2011,6.445
27/2/2011,6.185
28/2/2011,6.074
1/3/2011,6.074
2/3/2011,6.074
3/3/2011,6.074
4/3/2011,6.074
5/3/2011,6.074
6/3/2011,5.802
7/3/2011,5.752
8/3/2011,5.913
9/3/2011,5.913
10/3/2011,5.913
11/3/2011,5.591
12/3/2011,5.480
13/3/2011,5.430
14/3/2011,5.542
15/3/2011,5.430
16/3/2011,5.270
17/3/2011,5.319
18/3/2011,5.381
19/3/2011,5.381
20/3/2011,5.430
21/3/2011,5.319
22/3/2011,5.319
23/3/2011,5.270
24/3/2011,5.158
25/3/2011,5.109
26/3/2011,5.319
27/3/2011,5.109
28/3/2011,6.024
29/3/2011,6.123
30/3/2011,6.074
31/3/2011,7.744
1/4/2011,8.449
2/4/2011,8.758
3/4/2011,7.608
4/4/2011,7.818
5/4/2011,7.892
6/4/2011,6.890
7/4/2011,6.123
8/4/2011,5.913
9/4/2011,5.962
10/4/2011,7.039
11/4/2011,7.608
12/4/2011,6.445
13/4/2011,8.461
14/4/2011,7.397
15/4/2011,7.892
16/4/2011,8.671
17/4/2011,7.892
18/4/2011,8.399
19/4/2011,12.865
20/4/2011,11.170
21/4/2011,8.956
22/4/2011,7.892
23/4/2011,7.051
24/4/2011,6.630
25/4/2011,7.471
26/4/2011,8.399
27/4/2011,7.471
28/4/2011,7.954
29/4/2011,7.236
30/4/2011,13.854
1/5/2011,10.193
2/5/2011,10.193
3/5/2011,8.847
4/5/2011,11.182
5/5/2011,9.144
6/5/2011,8.501
7/5/2011,9.896
8/5/2011,9.470
9/5/2011,9.540
10/5/2011,9.886
11/5/2011,10.589
12/5/2011,9.005
13/5/2011,8.708
14/5/2011,10.490
15/5/2011,9.352
16/5/2011,9.827
17/5/2011,11.084
18/5/2011,17.219
19/5/2011,14.646
20/5/2011,13.459
21/5/2011,19.000
22/5/2011,20.782
23/5/2011,20.386
24/5/2011,24.740
25/5/2011,15.438
26/5/2011,14.151
27/5/2011,13.459
28/5/2011,17.615
29/5/2011,15.141
30/5/2011,18.011
31/5/2011,20.980
1/6/2011,14.937
2/6/2011,14.287
3/6/2011,15.865
4/6/2011,16.607
5/6/2011,16.978
6/6/2011,15.493
7/6/2011,16.700
8/6/2011,21.895
9/6/2011,18.184
10/6/2011,16.143
11/6/2011,14.844
12/6/2011,16.143
13/6/2011,16.328
14/6/2011,16.143
15/6/2011,18.648
16/6/2011,18.926
17/6/2011,22.915
18/6/2011,35.626
19/6/2011,39.151
20/6/2011,29.039
21/6/2011,26.626
22/6/2011,25.328
23/6/2011,25.884
24/6/2011,57.613
25/6/2011,37.203
26/6/2011,30.801
27/6/2011,42.213
28/6/2011,42.584
29/6/2011,45.089
30/6/2011,64.571
1/7/2011,51.305
2/7/2011,52.511
3/7/2011,51.490
4/7/2011,63.180
5/7/2011,56.964
6/7/2011,64.293
7/7/2011,55.294
8/7/2011,51.676
9/7/2011,56.964
10/7/2011,71.344
11/7/2011,65.963
12/7/2011,93.888
13/7/2011,91.476
14/7/2011,99.640
15/7/2011,136.66
16/7/2011,94.259
17/7/2011,79.694
18/7/2011,67.169
19/7/2011,91.198
20/7/2011,137.96
21/7/2011,81.085
22/7/2011,84.611
23/7/2011,93.332
24/7/2011,85.260
25/7/2011,69.488
26/7/2011,91.476
27/7/2011,75.148
28/7/2011,65.221
29/7/2011,107.43
30/7/2011,109.20
31/7/2011,93.796
1/8/2011,77.374
2/8/2011,96.208
3/8/2011,95.651
4/8/2011,98.805
5/8/2011,81.364
6/8/2011,131.184
7/8/2011,200.301
8/8/2011,84.332
9/8/2011,78.952
10/8/2011,82.570
11/8/2011,69.210
12/8/2011,67.819
13/8/2011,65.128
14/8/2011,72.643
15/8/2011,108.640
16/8/2011,77.560
17/8/2011,96.486
18/8/2011,83.961
19/8/2011,93.517
20/8/2011,78.488
21/8/2011,85.631
22/8/2011,84.518
23/8/2011,64.015
24/8/2011,75.983
25/8/2011,78.952
26/8/2011,61.695
27/8/2011,56.778
28/8/2011,45.181
29/8/2011,46.295
30/8/2011,38.223
31/8/2011,46.202
1/9/2011,57.892
2/9/2011,39.058
3/9/2011,37.388
4/9/2011,33.121
5/9/2011,29.688
6/9/2011,30.152
7/9/2011,38.966
8/9/2011,40.635
9/9/2011,37.017
10/9/2011,40.914
11/9/2011,46.109
12/9/2011,68.190
13/9/2011,49.635
14/9/2011,40.264
15/9/2011,56.314
16/9/2011,49.078
17/9/2011,44.810
18/9/2011,42.584
19/9/2011,52.140
20/9/2011,41.007
21/9/2011,39.615
22/9/2011,47.965
23/9/2011,36.553
24/9/2011,42.769
25/9/2011,56.686
26/9/2011,44.254
27/9/2011,44.254
28/9/2011,41.656
29/9/2011,37.667
30/9/2011,31.358
1/10/2011,29.410
2/10/2011,28.018
3/10/2011,26.070
4/10/2011,24.678
5/10/2011,23.658
6/10/2011,22.266
7/10/2011,21.524
8/10/2011,21.988
9/10/2011,21.060
10/10/2011,20.132
11/10/2011,19.019
12/10/2011,18.462
13/10/2011,17.906
14/10/2011,17.627
15/10/2011,17.906
16/10/2011,18.555
17/10/2011,17.534
18/10/2011,16.978
19/10/2011,16.700
20/10/2011,16.328
21/10/2011,16.700
22/10/2011,16.885
23/10/2011,16.050
24/10/2011,15.957
25/10/2011,15.586
26/10/2011,15.215
27/10/2011,15.772
28/10/2011,15.122
29/10/2011,14.937
30/10/2011,14.658
31/10/2011,14.473
1/11/2011,15.834
2/11/2011,16.032
3/11/2011,16.032
4/11/2011,15.537
5/11/2011,15.240
6/11/2011,15.042
7/11/2011,15.240
8/11/2011,15.141
9/11/2011,14.646
10/11/2011,14.547
11/11/2011,14.448
12/11/2011,14.151
13/11/2011,14.151
14/11/2011,14.448
15/11/2011,14.547
16/11/2011,14.547
17/11/2011,14.349
18/11/2011,14.052
19/11/2011,13.854
20/11/2011,13.558
21/11/2011,13.360
22/11/2011,13.360
23/11/2011,13.063
24/11/2011,13.063
25/11/2011,12.766
26/11/2011,12.667
27/11/2011,12.568
28/11/2011,12.568
29/11/2011,12.766
30/11/2011,12.766
1/12/2011,14.968
2/12/2011,14.968
3/12/2011,14.968
4/12/2011,15.215
5/12/2011,14.968
6/12/2011,14.844
7/12/2011,14.597
8/12/2011,14.597
9/12/2011,14.349
10/12/2011,13.854
11/12/2011,13.731
12/12/2011,13.731
13/12/2011,13.731
14/12/2011,13.360
15/12/2011,13.360
16/12/2011,13.236
17/12/2011,13.112
18/12/2011,12.741
19/12/2011,12.494
20/12/2011,12.184
21/12/2011,12.184
22/12/2011,11.888
23/12/2011,11.690
24/12/2011,11.294
25/12/2011,11.294
26/12/2011,10.997
27/12/2011,10.737
28/12/2011,10.465
29/12/2011,10.205
30/12/2011,9.933
31/12/2011,9.673
1/1/2012,9.414
2/1/2012,9.760
3/1/2012,10.74
4/1/2012,10.29
5/1/2012,9.933
6/1/2012,9.673
7/1/2012,9.673
8/1/2012,9.760
9/1/2012,9.414
10/1/2012,9.414
11/1/2012,9.414
12/1/2012,9.414
13/1/2012,9.141
14/1/2012,8.882
15/1/2012,8.795
16/1/2012,8.795
17/1/2012,8.882
18/1/2012,8.882
19/1/2012,8.795
20/1/2012,8.610
21/1/2012,8.610
22/1/2012,8.350
23/1/2012,8.127
24/1/2012,8.350
25/1/2012,8.276
26/1/2012,8.127
27/1/2012,8.350
28/1/2012,8.127
29/1/2012,8.127
30/1/2012,7.892
31/1/2012,8.127
1/2/2012,7.892
2/2/2012,7.669
3/2/2012,7.669
4/2/2012,7.669
5/2/2012,7.669
6/2/2012,7.521
7/2/2012,7.434
8/2/2012,7.434
9/2/2012,10.29
10/2/2012,8.127
11/2/2012,7.521
12/2/2012,7.286
13/2/2012,7.212
14/2/2012,7.212
15/2/2012,7.212
16/2/2012,7.063
17/2/2012,7.286
18/2/2012,7.212
19/2/2012,7.137
20/2/2012,7.137
21/2/2012,6.989
22/2/2012,7.063
23/2/2012,6.989
24/2/2012,6.989
25/2/2012,6.989
26/2/2012,7.063
27/2/2012,6.989
28/2/2012,6.902
29/2/2012,6.828
1/3/2012,7.212
2/3/2012,6.754
3/3/2012,6.606
4/3/2012,6.606
5/3/2012,6.531
6/3/2012,6.606
7/3/2012,6.680
8/3/2012,6.383
9/3/2012,6.296
10/3/2012,6.296
11/3/2012,6.012
12/3/2012,6.086
13/3/2012,5.950
14/3/2012,6.296
15/3/2012,5.888
16/3/2012,6.309
17/3/2012,6.383
18/3/2012,6.074
19/3/2012,6.148
20/3/2012,6.531
21/3/2012,7.212
22/3/2012,7.212
23/3/2012,7.212
24/3/2012,8.003
25/3/2012,8.251
26/3/2012,7.744
27/3/2012,7.595
28/3/2012,7.434
29/3/2012,8.350
30/3/2012,8.560
31/3/2012,8.041
1/4/2012,7.434
2/4/2012,6.902
3/4/2012,7.063
4/4/2012,14.226
5/4/2012,9.587
6/4/2012,12.989
7/4/2012,14.720
8/4/2012,11.987
9/4/2012,11.294
10/4/2012,13.854
11/4/2012,14.473
12/4/2012,11.888
13/4/2012,14.844
14/4/2012,16.205
15/4/2012,16.081
16/4/2012,15.339
17/4/2012,12.494
18/4/2012,11.690
19/4/2012,12.741
20/4/2012,12.617
21/4/2012,15.091
22/4/2012,22.390
23/4/2012,16.328
24/4/2012,12.989
25/4/2012,11.888
26/4/2012,11.220
27/4/2012,15.710
28/4/2012,18.308
29/4/2012,15.586
30/4/2012,12.494
1/5/2012,8.877
2/5/2012,8.303
3/5/2012,7.946
4/5/2012,11.084
5/5/2012,10.985
6/5/2012,10.490
7/5/2012,10.193
8/5/2012,9.282
9/5/2012,9.520
10/5/2012,18.802
11/5/2012,12.964
12/5/2012,12.172
13/5/2012,17.219
14/5/2012,16.427
15/5/2012,21.276
16/5/2012,14.151
17/5/2012,13.953
18/5/2012,12.568
19/5/2012,14.943
20/5/2012,14.349
21/5/2012,15.933
22/5/2012,19.396
23/5/2012,21.078
24/5/2012,17.912
25/5/2012,20.188
26/5/2012,21.870
27/5/2012,28.698
28/5/2012,28.599
29/5/2012,29.688
30/5/2012,29.688
31/5/2012,56.902
1/6/2012,26.070
2/6/2012,28.018
3/6/2012,22.452
4/6/2012,36.461
5/6/2012,20.967
6/6/2012,23.008
7/6/2012,25.513
8/6/2012,23.750
9/6/2012,26.163
10/6/2012,30.709
11/6/2012,25.420
12/6/2012,26.255
13/6/2012,26.163
14/6/2012,32.286
15/6/2012,46.388
16/6/2012,42.120
17/6/2012,84.518
18/6/2012,41.470
19/6/2012,32.100
20/6/2012,53.067
21/6/2012,48.336
22/6/2012,49.171
23/6/2012,56.500
24/6/2012,65.406
25/6/2012,80.343
26/6/2012,111.05
27/6/2012,118.10
28/6/2012,66.056
29/6/2012,62.809
30/6/2012,57.799
1/7/2012,62.438
2/7/2012,48.057
3/7/2012,73.292
4/7/2012,65.406
5/7/2012,46.480
6/7/2012,49.449
7/7/2012,40.357
8/7/2012,46.016
9/7/2012,35.811
10/7/2012,50.284
11/7/2012,56.314
12/7/2012,142.595
13/7/2012,83.034
14/7/2012,79.230
15/7/2012,134.060
16/7/2012,124.226
17/7/2012,93.888
18/7/2012,97.507
19/7/2012,215.609
20/7/2012,88.600
21/7/2012,73.014
22/7/2012,94.074
23/7/2012,83.961
24/7/2012,94.074
25/7/2012,188.983
26/7/2012,88.415
27/7/2012,100.846
28/7/2012,83.869
29/7/2012,98.342
30/7/2012,85.446
31/7/2012,73.478
1/8/2012,69.117
2/8/2012,75.704
3/8/2012,173.953
4/8/2012,84.240
5/8/2012,72.457
6/8/2012,106.970
7/8/2012,74.684
8/8/2012,77.096
9/8/2012,79.044
10/8/2012,62.623
11/8/2012,66.056
12/8/2012,64.015
13/8/2012,64.664
14/8/2012,49.449
15/8/2012,56.500
16/8/2012,58.077
17/8/2012,74.034
18/8/2012,82.663
19/8/2012,77.560
20/8/2012,84.982
21/8/2012,73.663
22/8/2012,77.653
23/8/2012,90.456
24/8/2012,70.602
25/8/2012,69.860
26/8/2012,75.519
27/8/2012,72.643
28/8/2012,103.722
29/8/2012,87.301
30/8/2012,85.724
31/8/2012,73.014
1/9/2012,106.78
2/9/2012,144.92
3/9/2012,75.797
4/9/2012,72.179
5/9/2012,67.169
6/9/2012,61.324
7/9/2012,54.830
8/9/2012,45.274
9/9/2012,45.089
10/9/2012,42.677
11/9/2012,52.140
12/9/2012,72.272
13/9/2012,84.332
14/9/2012,123.76
15/9/2012,79.694
16/9/2012,75.612
17/9/2012,91.476
18/9/2012,73.199
19/9/2012,58.727
20/9/2012,60.118
21/9/2012,58.355
22/9/2012,47.872
23/9/2012,53.995
24/9/2012,44.903
25/9/2012,36.461
26/9/2012,32.471
27/9/2012,30.059
28/9/2012,29.039
29/9/2012,34.512
30/9/2012,47.686
1/10/2012,58.912
2/10/2012,46.480
3/10/2012,46.016
4/10/2012,50.470
5/10/2012,30.801
6/10/2012,28.296
7/10/2012,25.699
8/10/2012,23.565
9/10/2012,22.173
10/10/2012,21.802
11/10/2012,19.854
12/10/2012,19.112
13/10/2012,17.720
14/10/2012,18.277
15/10/2012,17.998
16/10/2012,17.442
17/10/2012,17.071
18/10/2012,16.792
19/10/2012,16.792
20/10/2012,16.236
21/10/2012,15.772
22/10/2012,15.215
23/10/2012,14.937
24/10/2012,14.751
25/10/2012,14.844
26/10/2012,14.751
27/10/2012,14.380
28/10/2012,14.287
29/10/2012,13.916
30/10/2012,13.638
31/10/2012,13.174
1/11/2012,14.052
2/11/2012,13.755
3/11/2012,13.755
4/11/2012,13.459
5/11/2012,13.459
6/11/2012,12.964
7/11/2012,12.766
8/11/2012,12.766
9/11/2012,12.766
10/11/2012,12.766
11/11/2012,12.469
12/11/2012,12.271
13/11/2012,12.469
14/11/2012,11.974
15/11/2012,11.974
16/11/2012,11.875
17/11/2012,11.875
18/11/2012,11.677
19/11/2012,11.380
20/11/2012,11.182
21/11/2012,10.985
22/11/2012,10.589
23/11/2012,10.490
24/11/2012,10.490
25/11/2012,10.193
26/11/2012,9.896
27/11/2012,9.896
28/11/2012,9.896
29/11/2012,9.411
30/11/2012,9.243
1/12/2012,11.455
2/12/2012,11.145
3/12/2012,11.145
4/12/2012,11.145
5/12/2012,10.848
6/12/2012,10.848
7/12/2012,10.848
8/12/2012,10.230
9/12/2012,10.230
10/12/2012,10.230
11/12/2012,10.230
12/12/2012,10.230
13/12/2012,9.921
14/12/2012,9.921
15/12/2012,9.921
16/12/2012,9.624
17/12/2012,9.315
18/12/2012,9.315
19/12/2012,9.055
20/12/2012,9.055
21/12/2012,8.795
22/12/2012,8.795
23/12/2012,8.610
24/12/2012,8.523
25/12/2012,8.263
26/12/2012,8.263
27/12/2012,8.003
28/12/2012,8.003
29/12/2012,7.744
30/12/2012,7.744
31/12/2012,7.744
1/1/2013,7.744
2/1/2013,7.744
3/1/2013,7.484
4/1/2013,7.298
5/1/2013,7.039
6/1/2013,7.039
7/1/2013,7.125
8/1/2013,6.952
9/1/2013,6.779
10/1/2013,6.779
11/1/2013,6.544
12/1/2013,6.705
13/1/2013,6.705
14/1/2013,6.544
15/1/2013,6.470
16/1/2013,6.470
17/1/2013,6.333
18/1/2013,6.259
19/1/2013,6.420
20/1/2013,6.705
21/1/2013,6.470
22/1/2013,6.259
23/1/2013,6.111
24/1/2013,6.111
25/1/2013,5.826
26/1/2013,5.826
27/1/2013,5.678
28/1/2013,5.529
29/1/2013,5.455
30/1/2013,5.381
31/1/2013,5.245
1/2/2013,5.245
2/2/2013,5.245
3/2/2013,5.455
4/2/2013,5.245
5/2/2013,5.245
6/2/2013,5.245
7/2/2013,5.171
8/2/2013,5.245
9/2/2013,5.022
10/2/2013,4.342
11/2/2013,4.515
12/2/2013,4.589
13/2/2013,4.453
14/2/2013,4.342
15/2/2013,4.404
16/2/2013,4.527
17/2/2013,8.473
18/2/2013,7.212
19/2/2013,6.259
20/2/2013,5.319
21/2/2013,5.455
22/2/2013,5.381
23/2/2013,4.874
24/2/2013,5.171
25/2/2013,5.245
26/2/2013,5.022
27/2/2013,5.245
28/2/2013,5.022
1/3/2013,4.280
2/3/2013,4.738
3/3/2013,4.738
4/3/2013,4.515
5/3/2013,4.404
6/3/2013,4.404
7/3/2013,4.948
8/3/2013,6.111
9/3/2013,5.529
10/3/2013,4.948
11/3/2013,6.618
12/3/2013,6.185
13/3/2013,5.529
14/3/2013,5.888
15/3/2013,6.457
16/3/2013,5.913
17/3/2013,5.604
18/3/2013,5.171
19/3/2013,4.800
20/3/2013,4.540
21/3/2013,4.874
22/3/2013,9.104
23/3/2013,5.752
24/3/2013,5.381
25/3/2013,5.319
26/3/2013,5.529
27/3/2013,5.022
28/3/2013,4.948
29/3/2013,5.096
30/3/2013,5.245
31/3/2013,5.022
1/4/2013,4.663
2/4/2013,4.589
3/4/2013,4.602
4/4/2013,5.678
5/4/2013,4.948
6/4/2013,4.515
7/4/2013,4.404
8/4/2013,4.527
9/4/2013,4.874
10/4/2013,5.604
11/4/2013,6.841
12/4/2013,6.185
13/4/2013,5.529
14/4/2013,6.173
15/4/2013,5.826
16/4/2013,10.947
17/4/2013,8.350
18/4/2013,7.484
19/4/2013,8.708
20/4/2013,8.436
21/4/2013,9.723
22/4/2013,10.341
23/4/2013,11.962
24/4/2013,10.131
25/4/2013,8.981
26/4/2013,8.263
27/4/2013,10.923
28/4/2013,11.244
29/4/2013,10.440
30/4/2013,12.358
1/5/2013,16.229
2/5/2013,18.110
3/5/2013,16.625
4/5/2013,12.766
5/5/2013,8.679
6/5/2013,13.261
7/5/2013,11.776
8/5/2013,11.084
9/5/2013,11.578
10/5/2013,11.677
11/5/2013,16.032
12/5/2013,13.063
13/5/2013,12.073
14/5/2013,14.349
15/5/2013,11.084
16/5/2013,10.886
17/5/2013,10.391
18/5/2013,12.568
19/5/2013,9.896
20/5/2013,10.688
21/5/2013,11.875
22/5/2013,15.141
23/5/2013,19.099
24/5/2013,24.344
25/5/2013,18.506
26/5/2013,26.026
27/5/2013,63.235
28/5/2013,27.412
29/5/2013,24.443
30/5/2013,42.355
31/5/2013,57.694
1/6/2013,31.915
2/6/2013,25.699
3/6/2013,21.245
4/6/2013,22.452
5/6/2013,65.592
6/6/2013,69.303
7/6/2013,29.502
8/6/2013,26.626
9/6/2013,29.781
10/6/2013,28.853
11/6/2013,25.791
12/6/2013,23.843
13/6/2013,23.750
14/6/2013,21.988
15/6/2013,20.503
16/6/2013,24.307
17/6/2013,20.874
18/6/2013,19.668
19/6/2013,20.874
20/6/2013,23.565
21/6/2013,57.057
22/6/2013,49.913
23/6/2013,48.614
24/6/2013,83.312
25/6/2013,96.300
26/6/2013,52.975
27/6/2013,59.747
28/6/2013,64.108
29/6/2013,117.92
30/6/2013,56.036
1/7/2013,54.459
2/7/2013,47.501
3/7/2013,61.603
4/7/2013,64.293
5/7/2013,79.879
6/7/2013,86.837
7/7/2013,90.548
8/7/2013,89.806
9/7/2013,140.369
10/7/2013,203.548
11/7/2013,173.582
12/7/2013,100.568
13/7/2013,101.403
14/7/2013,87.023
15/7/2013,91.662
16/7/2013,106.506
17/7/2013,153.635
18/7/2013,105.021
19/7/2013,104.929
20/7/2013,102.238
21/7/2013,93.981
22/7/2013,192.508
23/7/2013,117.175
24/7/2013,108.176
25/7/2013,146.677
26/7/2013,92.033
27/7/2013,86.002
28/7/2013,89.528
29/7/2013,73.478
30/7/2013,69.210
31/7/2013,72.179
1/8/2013,79.787
2/8/2013,68.097
3/8/2013,60.768
4/8/2013,66.241
5/8/2013,69.860
6/8/2013,53.346
7/8/2013,58.077
8/8/2013,56.222
9/8/2013,90.456
10/8/2013,99.084
11/8/2013,104.372
12/8/2013,81.085
13/8/2013,73.478
14/8/2013,70.602
15/8/2013,65.870
16/8/2013,75.519
17/8/2013,64.200
18/8/2013,77.374
19/8/2013,69.952
20/8/2013,85.167
21/8/2013,77.374
22/8/2013,63.829
23/8/2013,51.026
24/8/2013,58.541
25/8/2013,66.241
26/8/2013,86.374
27/8/2013,116.062
28/8/2013,85.539
29/8/2013,79.230
30/8/2013,73.478
31/8/2013,60.025
1/9/2013,65.314
2/9/2013,96.115
3/9/2013,79.694
4/9/2013,71.993
5/9/2013,97.228
6/9/2013,70.138
7/9/2013,168.572
8/9/2013,149.368
9/9/2013,205.033
10/9/2013,144.451
11/9/2013,126.452
12/9/2013,120.979
13/9/2013,108.176
14/9/2013,95.837
15/9/2013,93.888
16/9/2013,107.897
17/9/2013,92.218
18/9/2013,93.703
19/9/2013,92.218
20/9/2013,81.642
21/9/2013,80.343
22/9/2013,86.466
23/9/2013,75.983
24/9/2013,82.570
25/9/2013,95.837
26/9/2013,108.361
27/9/2013,73.849
28/9/2013,71.530
29/9/2013,68.375
30/9/2013,64.293
1/10/2013,67.540
2/10/2013,60.025
3/10/2013,56.222
4/10/2013,54.181
5/10/2013,53.995
6/10/2013,62.252
7/10/2013,58.170
8/10/2013,46.480
9/10/2013,41.749
10/10/2013,38.873
11/10/2013,36.089
12/10/2013,34.234
13/10/2013,32.750
14/10/2013,53.253
15/10/2013,268.31
16/10/2013,90.734
17/10/2013,76.168
18/10/2013,59.283
19/10/2013,66.149
20/10/2013,52.511
21/10/2013,43.326
22/10/2013,39.893
23/10/2013,37.017
24/10/2013,34.698
25/10/2013,32.842
26/10/2013,30.801
27/10/2013,33.956
28/10/2013,48.521
29/10/2013,41.378
30/10/2013,33.399
31/10/2013,29.688
1/11/2013,30.381
2/11/2013,29.886
3/11/2013,29.193
4/11/2013,27.808
5/11/2013,25.928
6/11/2013,25.829
7/11/2013,24.839
8/11/2013,24.344
9/11/2013,24.047
10/11/2013,23.651
11/11/2013,23.552
12/11/2013,22.860
13/11/2013,22.563
14/11/2013,21.771
15/11/2013,20.782
16/11/2013,20.584
17/11/2013,20.188
18/11/2013,19.792
19/11/2013,19.396
20/11/2013,19.198
21/11/2013,18.703
22/11/2013,18.110
23/11/2013,17.615
24/11/2013,17.615
25/11/2013,17.615
26/11/2013,17.120
27/11/2013,16.526
28/11/2013,16.229
29/11/2013,16.229
30/11/2013,15.933
1/12/2013,19.916
2/12/2013,19.916
3/12/2013,19.545
4/12/2013,19.174
5/12/2013,19.174
6/12/2013,18.802
7/12/2013,18.802
8/12/2013,18.431
9/12/2013,18.308
10/12/2013,17.937
11/12/2013,17.689
12/12/2013,17.689
13/12/2013,17.689
14/12/2013,17.194
15/12/2013,16.823
16/12/2013,16.700
17/12/2013,16.576
18/12/2013,16.328
19/12/2013,15.957
20/12/2013,15.957
21/12/2013,15.710
22/12/2013,15.710
23/12/2013,15.339
24/12/2013,15.215
25/12/2013,14.597
26/12/2013,14.597
27/12/2013,14.349
28/12/2013,14.349
29/12/2013,13.978
30/12/2013,13.978
31/12/2013,13.731
